date,OP,CP,HP,LP,DF,RD,TV,TC,TO
2004-02-11,3.79,3.78,3.79,3.31,0.23,1,351000,57,1286830
2004-02-12,4.04,3.52,4.04,3.52,-0.26,-1,196000,28,716380
2004-02-13,3.28,3.55,3.55,3.28,0.03,1,196000,26,645470
2004-02-16,3.31,3.31,3.5,3.31,-0.24,-1,89050,20,300676
2004-02-17,3.1,3.08,3.1,3.08,-0.23,-1,42000,9,129420
2004-02-18,2.87,2.89,2.89,2.87,-0.19,-1,117000,22,335940
2004-02-19,2.9,3.09,3.09,2.9,0.2,1,123000,22,377730
2004-02-20,3.28,3.28,3.3,2.93,0.19,1,155001,26,492083
2004-02-23,3.42,3.06,3.45,3.06,-0.22,-1,113001,19,348363
2004-02-24,2.99,3.0,3.06,2.99,-0.06,-1,98003,18,296179
2004-02-25,3.15,3.15,3.15,3.15,0.15,1,1000,1,3150
2004-02-26,2.93,2.93,2.93,2.93,-0.22,-1,14000,2,41020
2004-02-27,2.76,2.75,2.76,2.74,-0.18,-1,55000,14,151290
2004-03-01,2.58,2.58,2.6,2.58,-0.17,-1,25100,10,64792
2004-03-02,2.43,2.7,2.7,2.4,0.12,1,95000,15,230070
2004-03-03,2.52,2.68,2.69,2.52,-0.02,-1,19000,3,49650
2004-03-04,2.5,2.6,2.6,2.5,-0.08,-1,32000,9,81100
2004-03-05,2.43,2.7,2.7,2.43,0.1,1,52000,10,134430
2004-03-08,2.52,2.7,2.77,2.52,0.0,0,42000,16,111690
2004-03-09,2.6,2.65,2.65,2.54,-0.05,-1,65001,24,166572
2004-03-10,2.56,2.56,2.6,2.56,-0.09,-1,35000,6,89720
2004-03-11,2.6,2.6,2.6,2.6,0.04,1,10100,4,26252
2004-03-12,2.5,2.69,2.69,2.5,0.09,1,21000,4,52690
2004-03-15,2.55,2.66,2.66,2.55,-0.03,-1,2001,3,5212
2004-03-16,,,,,0.0,0,0,0,0
2004-03-17,2.5,2.5,2.56,2.5,0.0,0,125002,21,314355
2004-03-18,2.58,2.58,2.58,2.58,0.08,1,10002,2,25804
2004-03-19,2.43,2.69,2.69,2.43,0.11,1,16000,5,39460
2004-03-22,,,,,0.0,0,0,0,0
2004-03-23,2.51,2.51,2.51,2.51,0.0,0,9000,3,22590
2004-03-24,2.34,2.57,2.57,2.34,0.06,1,2000,2,4910
2004-03-25,,,,,0.0,0,0,0,0
2004-03-26,2.4,2.56,2.56,2.4,0.0,0,21000,5,50560
2004-03-29,2.52,2.52,2.52,2.52,-0.04,-1,10000,3,25200
2004-03-30,2.35,2.35,2.35,2.35,-0.17,-1,67000,8,157450
2004-03-31,2.19,2.19,2.2,2.19,-0.16,-1,71000,11,155550
2004-04-01,2.05,2.3,2.32,2.05,0.11,1,47000,11,97070
2004-04-02,2.14,2.16,2.38,2.14,-0.14,-1,58000,14,124920
2004-04-05,2.06,2.29,2.29,2.06,0.13,1,3000,2,6410
2004-04-06,2.3,2.13,2.3,2.13,-0.16,-1,30000,5,67750
2004-04-07,2.26,2.23,2.26,2.23,0.1,1,9000,3,20180
2004-04-08,2.2,2.27,2.28,2.1,0.04,1,50000,11,109400
2004-04-09,2.15,2.34,2.36,2.15,0.07,1,15000,4,33070
2004-04-12,2.47,2.5,2.5,2.47,0.16,1,142000,27,354460
2004-04-13,2.6,2.67,2.67,2.56,0.17,1,196000,23,522890
2004-04-14,2.85,2.85,2.85,2.85,0.18,1,95000,9,270750
2004-04-15,3.04,3.04,3.04,3.04,0.19,1,61000,9,185440
2004-04-16,3.25,3.25,3.25,3.25,0.21,1,41000,5,133250
2004-04-19,3.47,3.47,3.47,3.47,0.22,1,63000,10,218610
2004-04-20,3.71,3.23,3.71,3.23,-0.24,-1,415000,43,1468490
2004-04-21,3.01,3.01,3.01,3.01,-0.22,-1,59000,5,177590
2004-04-22,2.8,2.92,3.0,2.8,-0.09,-1,247000,34,692120
2004-04-23,2.72,2.98,2.98,2.72,0.06,1,54000,11,148790
2004-04-26,2.78,2.79,2.79,2.78,-0.19,-1,22000,11,61180
2004-04-27,2.65,2.78,2.78,2.6,-0.01,-1,33000,9,86590
2004-04-28,2.59,2.59,2.7,2.59,-0.19,-1,14000,3,36590
2004-04-29,2.41,2.65,2.65,2.41,0.06,1,50000,9,120780
2004-04-30,2.47,2.47,2.47,2.47,-0.18,-1,11000,3,27170
2004-05-03,2.3,2.44,2.44,2.3,-0.03,-1,5001,4,11642
2004-05-04,2.57,2.56,2.57,2.3,0.12,1,20000,6,49500
2004-05-05,2.42,2.56,2.6,2.41,0.0,0,40000,13,97400
2004-05-06,2.4,2.39,2.4,2.39,-0.17,-1,14001,6,33532
2004-05-07,2.5,2.5,2.5,2.5,0.11,1,1000,1,2500
2004-05-10,2.33,2.49,2.49,2.33,-0.01,-1,12000,2,28120
2004-05-11,2.32,2.44,2.44,2.32,-0.05,-1,8000,2,18680
2004-05-12,2.28,2.51,2.51,2.28,0.07,1,3000,2,7070
2004-05-13,2.56,2.56,2.56,2.56,0.05,1,1000,1,2560
2004-05-14,2.49,2.49,2.49,2.49,-0.07,-1,1000,1,2490
2004-05-17,2.32,2.32,2.32,2.32,-0.17,-1,10000,2,23200
2004-05-18,2.46,2.46,2.46,2.46,0.14,1,1001,2,2462
2004-05-19,2.46,2.46,2.46,2.46,0.0,0,5000,1,12300
2004-05-20,2.29,2.45,2.45,2.29,-0.01,-1,3100,4,7273
2004-05-21,2.42,2.42,2.42,2.42,-0.03,-1,1000,1,2420
2004-05-24,2.26,2.47,2.47,2.26,0.05,1,29019,6,66415
2004-05-25,2.47,2.45,2.47,2.45,-0.02,-1,19000,4,46800
2004-05-26,2.45,2.28,2.45,2.28,-0.17,-1,28000,8,64690
2004-05-27,2.3,2.37,2.39,2.14,0.09,1,37000,8,81280
2004-05-28,2.35,2.36,2.36,2.25,-0.01,-1,7000,4,16060
2004-05-31,2.21,2.35,2.38,2.21,-0.01,-1,12002,6,26834
2004-06-01,2.3,2.35,2.35,2.3,0.0,0,5000,2,11550
2004-06-02,2.41,2.35,2.41,2.35,0.0,0,2000,2,4760
2004-06-03,2.4,2.4,2.4,2.4,0.05,1,1000,1,2400
2004-06-04,,,,,0.0,0,0,0,0
2004-06-07,2.3,2.41,2.41,2.3,0.0,0,16000,3,36910
2004-06-08,2.25,2.3,2.4,2.25,-0.11,-1,17000,4,38950
2004-06-09,2.15,2.28,2.28,2.14,-0.02,-1,35000,9,75930
2004-06-10,2.2,2.26,2.26,2.2,-0.02,-1,13000,2,28660
2004-06-11,2.12,2.3,2.3,2.11,0.04,1,27000,6,58540
2004-06-14,2.2,2.14,2.2,2.14,-0.16,-1,17000,3,37160
2004-06-15,2.05,2.24,2.24,2.05,0.1,1,17000,4,37030
2004-06-16,2.1,2.1,2.24,2.1,-0.14,-1,18000,6,38980
2004-06-17,1.96,1.96,1.96,1.96,-0.14,-1,13000,2,25480
2004-06-18,1.83,1.83,1.83,1.83,-0.13,-1,4000,2,7320
2004-06-21,1.71,1.71,1.71,1.71,-0.12,-1,12000,3,20520
2004-06-23,1.6,1.6,1.6,1.6,-0.11,-1,1000,1,1600
2004-06-24,1.49,1.65,1.7,1.49,0.05,1,48000,7,78010
2004-06-25,1.55,1.65,1.65,1.54,0.0,0,53000,9,82030
2004-06-28,1.6,1.57,1.6,1.57,-0.08,-1,26000,4,41120
2004-06-29,1.67,1.67,1.67,1.67,0.1,1,1000,1,1670
2004-06-30,1.56,1.67,1.67,1.56,0.0,0,16001,7,25071
2004-07-01,1.68,1.57,1.75,1.57,-0.1,-1,16000,8,26620
2004-07-02,1.66,1.67,1.67,1.57,0.1,1,4000,3,6470
2004-07-05,1.77,1.77,1.77,1.77,0.1,1,1000,1,1770
2004-07-06,,,,,0.0,0,0,0,0
2004-07-07,1.87,1.87,1.87,1.87,0.0,0,1000,1,1870
2004-07-08,1.87,1.87,1.87,1.87,0.0,0,1000,1,1870
2004-07-09,,,,,0.0,0,0,0,0
2004-07-12,,,,,0.0,0,0,0,0
2004-07-13,1.87,1.87,1.87,1.87,0.0,0,1000,1,1870
2004-07-14,1.74,1.87,1.87,1.74,0.0,0,16000,6,28230
2004-07-15,,,,,0.0,0,0,0,0
2004-07-16,1.74,1.85,1.85,1.74,0.0,0,9000,2,15770
2004-07-19,,,,,0.0,0,0,0,0
2004-07-20,1.73,1.97,1.97,1.73,0.0,0,8000,3,14200
2004-07-21,,,,,0.0,0,0,0,0
2004-07-22,,,,,0.0,0,1,1,1
2004-07-23,1.95,1.95,1.95,1.95,0.0,0,1001,2,1951
2004-07-26,,,,,0.0,0,0,0,0
2004-07-27,1.82,2.05,2.05,1.82,0.0,0,11000,2,20250
2004-07-28,2.15,2.15,2.15,2.15,0.1,1,1001,2,2152
2004-07-29,,,,,0.0,0,0,0,0
2004-07-30,,,,,0.0,0,0,0,0
2004-08-02,,,,,0.0,0,0,0,0
2004-08-03,2.13,1.86,2.13,1.86,0.0,0,7000,2,13290
2004-08-04,1.73,1.73,1.73,1.73,-0.13,-1,1000,1,1730
2004-08-05,1.81,1.81,1.81,1.81,0.08,1,1000,1,1810
2004-08-06,,,,,0.0,0,0,0,0
2004-08-09,1.92,1.92,1.92,1.92,0.0,0,1000,1,1920
2004-08-10,1.82,1.99,1.99,1.82,0.07,1,11000,2,20190
2004-08-11,2.1,2.1,2.1,2.1,0.11,1,1000,1,2100
2004-08-12,2.0,2.0,2.0,2.0,-0.1,-1,1000,1,2000
2004-08-13,,,,,0.0,0,0,0,0
2004-08-16,1.95,1.98,2.12,1.86,0.0,0,4000,4,7910
2004-08-17,1.85,1.85,1.85,1.85,-0.13,-1,5000,1,9250
2004-08-18,,,,,0.0,0,0,0,0
2004-08-19,,,,,0.0,0,0,0,0
2004-08-20,,,,,0.0,0,0,0,0
2004-08-23,1.61,1.61,1.61,1.61,0.0,0,15000,5,24150
2004-08-26,1.51,1.5,1.51,1.5,-0.11,-1,17000,2,25660
2004-08-27,1.4,1.4,1.4,1.4,-0.1,-1,10000,1,14000
2004-08-30,1.31,1.4,1.4,1.31,0.0,0,10000,4,13190
2004-08-31,,,,,0.0,0,0,0,0
2004-09-01,,,,,0.0,0,0,0,0
2004-09-02,,,,,0.0,0,0,0,0
2004-09-03,,,,,0.0,0,0,0,0
2004-09-06,,,,,0.0,0,0,0,0
2004-09-07,1.14,1.14,1.22,1.14,0.0,0,34000,4,39160
2004-09-08,1.07,1.07,1.07,1.07,-0.07,-1,25000,3,26750
2004-09-09,,,,,0.0,0,0,0,0
2004-09-10,1.0,1.06,1.06,1.0,0.0,0,170000,19,170060
2004-09-13,1.06,1.12,1.12,1.01,0.06,1,46000,8,49020
2004-09-14,1.12,1.18,1.18,1.12,0.06,1,14000,2,15740
2004-09-15,1.18,1.26,1.26,1.18,0.08,1,16000,3,18960
2004-09-16,1.26,1.33,1.33,1.26,0.07,1,34000,7,43150
2004-09-17,,,,,0.0,0,0,0,0
2004-09-20,1.24,1.41,1.41,1.24,0.0,0,10000,2,12570
2004-09-21,,,,,0.0,0,0,0,0
2004-09-22,,,,,0.0,0,0,0,0
2004-09-23,1.23,1.32,1.32,1.23,0.0,0,4000,4,5090
2004-09-24,,,,,0.0,0,0,0,0
2004-09-27,1.32,1.32,1.32,1.32,0.0,0,1000,1,1320
2004-09-29,,,,,0.0,0,0,0,0
2004-09-30,1.32,1.32,1.32,1.32,0.0,0,6000,1,7920
2004-10-01,,,,,0.0,0,0,0,0
2004-10-04,1.23,1.4,1.4,1.23,0.0,0,9000,4,11870
2004-10-05,,,,,0.0,0,0,0,0
2004-10-06,1.47,1.47,1.47,1.47,0.0,0,1000,1,1470
2004-10-07,1.55,1.55,1.55,1.55,0.08,1,10000,1,15500
2004-10-08,,,,,0.0,0,0,0,0
2004-10-11,1.55,1.63,1.63,1.55,0.0,0,59000,7,94300
2004-10-12,1.52,1.63,1.63,1.52,0.0,0,41000,9,62830
2004-10-13,1.52,1.52,1.52,1.52,-0.11,-1,15000,1,22800
2004-10-14,1.55,1.55,1.55,1.55,0.03,1,1000,1,1550
2004-10-15,,,,,0.0,0,0,0,0
2004-10-18,1.62,1.62,1.62,1.62,0.0,0,1000,1,1620
2004-10-19,,,,,0.0,0,0,0,0
2004-10-20,,,,,0.0,0,0,0,0
2004-10-21,,,,,0.0,0,0,0,0
2004-10-22,1.62,1.62,1.62,1.62,0.0,0,1000,1,1620
2004-10-26,,,,,0.0,0,0,0,0
2004-10-27,,,,,0.0,0,0,0,0
2004-10-28,,,,,0.0,0,0,0,0
2004-10-29,,,,,0.0,0,0,0,0
2004-11-01,,,,,0.0,0,0,0,0
2004-11-02,1.58,1.58,1.58,1.58,0.0,0,1000,1,1580
2004-11-03,1.47,1.64,1.64,1.47,0.06,1,5000,4,7690
2004-11-04,1.74,1.53,1.74,1.53,-0.11,-1,12000,3,20460
2004-11-05,1.43,1.43,1.43,1.43,-0.1,-1,8000,1,11440
2004-11-08,1.33,1.52,1.52,1.33,0.09,1,6000,2,8170
2004-11-09,,,,,0.0,0,0,0,0
2004-11-10,,,,,0.0,0,372,3,561
2004-11-11,,,,,0.0,0,0,0,0
2004-11-12,,,,,0.0,0,0,0,0
2004-11-15,1.42,1.42,1.42,1.42,0.0,0,14000,4,19880
2004-11-16,1.48,1.48,1.48,1.48,0.06,1,1000,1,1480
2004-11-17,1.47,1.45,1.48,1.45,-0.03,-1,35000,10,51220
2004-11-18,1.35,1.43,1.43,1.35,-0.02,-1,21000,3,28430
2004-11-19,1.44,1.5,1.5,1.44,0.07,1,116000,18,169370
2004-11-22,1.6,1.6,1.6,1.6,0.1,1,97000,13,155200
2004-11-23,1.71,1.71,1.71,1.71,0.11,1,27000,7,46170
2004-11-24,1.82,1.82,1.82,1.82,0.11,1,39000,15,70980
2004-11-25,1.94,1.94,1.94,1.94,0.12,1,85000,11,164900
2004-11-26,2.07,2.07,2.07,2.07,0.13,1,190000,32,393300
2004-11-29,2.21,2.02,2.21,1.93,-0.05,-1,323000,45,686010
2004-11-30,1.88,2.12,2.12,1.88,0.1,1,61000,9,115300
2004-12-01,2.1,2.1,2.1,2.08,-0.02,-1,116000,10,243140
2004-12-02,2.1,2.1,2.1,2.1,0.0,0,1000,1,2100
2004-12-03,2.19,2.19,2.19,2.19,0.09,1,1001,2,2192
2004-12-06,,,,,0.0,0,0,0,0
2004-12-07,,,,,0.0,0,0,0,0
2004-12-08,2.27,2.26,2.27,2.04,0.0,0,3000,3,6570
2004-12-09,2.11,2.2,2.2,2.11,-0.06,-1,2000,2,4310
2004-12-10,2.34,2.34,2.34,2.34,0.14,1,1001,2,2342
2004-12-13,2.4,2.39,2.48,2.18,0.05,1,6000,5,14250
2004-12-14,,,,,0.0,0,0,0,0
2004-12-15,,,,,0.0,0,0,0,0
2004-12-16,,,,,0.0,0,0,0,0
2004-12-17,2.23,2.23,2.23,2.23,0.0,0,5000,1,11150
2004-12-20,,,,,0.0,0,0,0,0
2004-12-21,2.37,2.37,2.37,2.37,0.0,0,1000,1,2370
2004-12-22,,,,,0.0,0,0,0,0
2004-12-23,,,,,0.0,0,0,0,0
2004-12-24,,,,,0.0,0,0,0,0
2004-12-27,,,,,0.0,0,0,0,0
2004-12-28,,,,,0.0,0,0,0,0
2004-12-29,2.37,2.5,2.5,2.37,0.0,0,5000,3,12110
2004-12-30,2.59,2.59,2.59,2.59,0.09,1,1000,1,2590
2004-12-31,2.5,2.5,2.5,2.5,-0.09,-1,10000,1,25000
2005-01-03,2.33,2.59,2.59,2.33,0.09,1,2000,2,4920
2005-01-04,,,,,0.0,0,0,0,0
2005-01-05,,,,,0.0,0,0,0,0
2005-01-06,,,,,0.0,0,0,0,0
2005-01-07,2.41,2.41,2.41,2.41,0.0,0,1000,1,2410
2005-01-10,,,,,0.0,0,0,0,0
2005-01-11,,,,,0.0,0,0,0,0
2005-01-12,2.25,2.25,2.25,2.25,0.0,0,1000,1,2250
2005-01-13,,,,,0.0,0,0,0,0
2005-01-14,,,,,0.0,0,0,0,0
2005-01-17,1.96,1.96,1.96,1.96,0.0,0,1000,1,1960
2005-01-18,,,,,0.0,0,0,0,0
2005-01-19,1.96,2.09,2.09,1.96,0.0,0,2000,2,4050
2005-01-20,1.95,1.95,1.95,1.95,-0.14,-1,1000,1,1950
2005-01-21,,,,,0.0,0,0,0,0
2005-01-24,1.82,1.82,1.95,1.82,0.0,0,3000,3,5590
2005-01-25,1.7,1.94,1.94,1.7,0.12,1,5000,4,8860
2005-01-26,1.81,2.04,2.04,1.81,0.1,1,4000,4,7600
2005-01-27,,,,,0.0,0,0,0,0
2005-01-28,,,,,0.0,0,0,0,0
2005-01-31,2.04,2.04,2.04,2.04,0.0,0,2000,2,4080
2005-02-01,,,,,0.0,0,0,0,0
2005-02-02,,,,,0.0,0,0,0,0
2005-02-03,1.9,1.9,1.9,1.9,0.0,0,1000,1,1900
2005-02-14,1.78,1.78,1.78,1.78,-0.12,-1,1000,1,1780
2005-02-15,,,,,0.0,0,0,0,0
2005-02-16,1.9,1.9,1.9,1.9,0.0,0,1000,1,1900
2005-02-17,,,,,0.0,0,0,0,0
2005-02-18,2.02,2.02,2.02,2.02,0.0,0,1000,1,2020
2005-02-21,,,,,0.0,0,0,0,0
2005-02-22,,,,,0.0,0,0,0,0
2005-02-23,,,,,0.0,0,0,0,0
2005-02-24,,,,,0.0,0,0,0,0
2005-02-25,2.02,2.15,2.15,2.02,0.0,0,2000,2,4170
2005-03-01,,,,,0.0,0,0,0,0
2005-03-02,2.0,2.29,2.29,2.0,0.0,0,7000,3,14590
2005-03-03,,,,,0.0,0,0,0,0
2005-03-04,,,,,0.0,0,0,0,0
2005-03-07,2.13,2.44,2.44,2.13,0.0,0,3000,3,6860
2005-03-08,,,,,0.0,0,0,0,0
2005-03-09,,,,,0.0,0,0,0,0
2005-03-10,2.27,2.56,2.56,2.27,0.0,0,6001,3,13912
2005-03-11,,,,,0.0,0,1,1,2
2005-03-14,,,,,0.0,0,0,0,0
2005-03-15,,,,,0.0,0,0,0,0
2005-03-16,,,,,0.0,0,0,0,0
2005-03-17,,,,,0.0,0,0,0,0
2005-03-18,,,,,0.0,0,0,0,0
2005-03-21,,,,,0.0,0,0,0,0
2005-03-22,,,,,0.0,0,0,0,0
2005-03-23,,,,,0.0,0,0,0,0
2005-03-24,,,,,0.0,0,0,0,0
2005-03-25,,,,,0.0,0,0,0,0
2005-03-28,,,,,0.0,0,0,0,0
2005-03-29,1.94,1.94,1.94,1.94,0.0,0,6000,2,11640
2005-03-30,1.81,1.81,1.81,1.81,-0.13,-1,13000,4,23530
2005-03-31,1.69,1.92,1.92,1.69,0.11,1,5000,2,8680
2005-04-01,2.04,2.04,2.04,2.04,0.12,1,1000,1,2040
2005-04-04,2.17,2.17,2.17,2.17,0.13,1,1000,1,2170
2005-04-06,2.02,2.31,2.31,2.02,0.14,1,7000,3,14430
2005-04-07,,,,,0.0,0,0,0,0
2005-04-08,,,,,0.0,0,0,0,0
2005-04-11,2.0,2.0,2.0,2.0,0.0,0,1000,1,2000
2005-04-12,1.86,1.86,1.86,1.86,-0.14,-1,1000,1,1860
2005-04-13,1.73,1.73,1.73,1.73,-0.13,-1,1000,1,1730
2005-04-14,1.61,1.61,1.61,1.61,-0.12,-1,1000,1,1610
2005-04-15,1.5,1.5,1.5,1.5,-0.11,-1,7000,3,10500
2005-04-18,,,,,0.0,0,0,0,0
2005-04-19,1.4,1.57,1.57,1.4,0.0,0,6000,3,8570
2005-04-20,,,,,0.0,0,0,0,0
2005-04-21,,,,,0.0,0,0,0,0
2005-04-22,,,,,0.0,0,0,0,0
2005-04-25,1.64,1.64,1.64,1.64,0.0,0,1000,1,1640
2005-04-26,1.69,1.69,1.69,1.69,0.05,1,1000,1,1690
2005-04-27,1.76,1.76,1.76,1.76,0.07,1,1000,1,1760
2005-04-28,,,,,0.0,0,1,1,1
2005-04-29,1.85,1.85,1.85,1.85,0.0,0,1000,1,1850
2005-05-03,,,,,0.0,0,0,0,0
2005-05-04,,,,,0.0,0,0,0,0
2005-05-05,,,,,0.0,0,0,0,0
2005-05-06,,,,,0.0,0,0,0,0
2005-05-09,,,,,0.0,0,0,0,0
2005-05-10,,,,,0.0,0,0,0,0
2005-05-11,,,,,0.0,0,0,0,0
2005-05-12,1.5,1.5,1.5,1.5,0.0,0,1000,1,1500
2005-05-13,1.4,1.4,1.4,1.4,-0.1,-1,4000,3,5600
2005-05-16,,,,,0.0,0,0,0,0
2005-05-17,,,,,0.0,0,0,0,0
2005-05-18,,,,,0.0,0,0,0,0
2005-05-19,,,,,0.0,0,0,0,0
2005-05-20,,,,,0.0,0,0,0,0
2005-05-23,,,,,0.0,0,0,0,0
2005-05-24,,,,,0.0,0,0,0,0
2005-05-25,,,,,0.0,0,0,0,0
2005-05-26,,,,,0.0,0,0,0,0
2005-05-27,1.0,1.0,1.0,1.0,0.0,0,1000,1,1000
2005-05-30,1.0,1.0,1.0,1.0,0.0,0,5000,2,5000
2005-05-31,0.93,1.03,1.03,0.93,0.03,1,7000,3,6610
2005-06-01,1.04,1.04,1.04,1.04,0.01,1,1000,1,1040
2005-06-02,1.05,1.05,1.05,1.05,0.01,1,8000,2,8400
2005-06-03,1.0,1.11,1.11,1.0,0.06,1,9001,5,9251
2005-06-06,,,,,0.0,0,0,0,0
2005-06-07,1.04,1.16,1.16,1.04,0.0,0,2000,2,2200
2005-06-08,,,,,0.0,0,0,0,0
2005-06-09,1.08,1.08,1.08,1.08,0.0,0,15000,2,16200
2005-06-10,1.01,1.01,1.01,1.01,-0.07,-1,4000,1,4040
2005-06-13,,,,,0.0,0,0,0,0
2005-06-14,,,,,0.0,0,0,0,0
2005-06-15,0.94,1.06,1.06,0.94,0.0,0,9000,5,8580
2005-06-16,,,,,0.0,0,0,0,0
2005-06-17,0.99,1.05,1.05,0.99,0.0,0,6000,3,6000
2005-06-20,1.11,1.11,1.11,1.11,0.06,1,1000,1,1110
2005-06-21,,,,,0.0,0,0,0,0
2005-06-22,1.18,1.18,1.18,1.18,0.0,0,5000,2,5900
2005-06-23,,,,,0.0,0,0,0,0
2005-06-24,1.1,1.25,1.25,1.1,0.0,0,6000,2,6750
2005-06-27,,,,,0.0,0,0,0,0
2005-06-28,,,,,0.0,0,0,0,0
2005-06-29,,,,,0.0,0,0,0,0
2005-06-30,1.09,1.09,1.09,1.09,0.0,0,4000,3,4360
2005-07-01,1.14,1.14,1.14,1.14,0.05,1,3000,1,3420
2005-07-04,1.07,1.19,1.19,1.07,0.05,1,5000,3,5680
2005-07-05,1.25,1.25,1.25,1.25,0.06,1,1000,1,1250
2005-07-06,,,,,0.0,0,0,0,0
2005-07-07,1.17,1.31,1.31,1.17,0.0,0,3000,3,3650
2005-07-08,,,,,0.0,0,0,0,0
2005-07-11,,,,,0.0,0,0,0,0
2005-07-12,1.38,1.38,1.38,1.38,0.0,0,1000,1,1380
2005-07-13,,,,,0.0,0,0,0,0
2005-07-14,,,,,0.0,0,0,0,0
2005-07-15,,,,,0.0,0,0,0,0
2005-07-19,,,,,0.0,0,0,0,0
2005-07-20,,,,,0.0,0,0,0,0
2005-07-21,,,,,0.0,0,0,0,0
2005-07-22,,,,,0.0,0,0,0,0
2005-07-25,,,,,0.0,0,0,0,0
2005-07-26,,,,,0.0,0,0,0,0
2005-07-27,,,,,0.0,0,0,0,0
2005-07-28,,,,,0.0,0,0,0,0
2005-07-29,,,,,0.0,0,0,0,0
2005-08-01,,,,,0.0,0,0,0,0
2005-08-02,1.29,1.29,1.29,1.29,0.0,0,7000,1,9030
2005-08-03,1.32,1.32,1.32,1.32,0.03,1,1000,1,1320
2005-08-04,1.39,1.39,1.39,1.39,0.07,1,1000,1,1390
2005-08-08,,,,,0.0,0,0,0,0
2005-08-09,,,,,0.0,0,0,0,0
2005-08-10,,,,,0.0,0,0,0,0
2005-08-11,1.3,1.4,1.4,1.3,0.0,0,13000,6,17100
2005-08-12,,,,,0.0,0,0,0,0
2005-08-15,1.31,1.41,1.41,1.31,0.0,0,2000,2,2720
2005-08-16,1.32,1.42,1.42,1.32,0.01,1,2000,2,2740
2005-08-17,1.33,1.43,1.43,1.33,0.01,1,2000,2,2760
2005-08-18,,,,,0.0,0,0,0,0
2005-08-19,1.33,1.33,1.33,1.33,0.0,0,1000,1,1330
2005-08-22,1.24,1.24,1.24,1.24,-0.09,-1,1000,1,1240
2005-08-23,1.16,1.16,1.16,1.16,-0.08,-1,1000,1,1160
2005-08-24,1.08,1.08,1.08,1.08,-0.08,-1,1001,2,1081
2005-08-25,1.01,1.01,1.01,1.01,-0.07,-1,1000,1,1010
2005-08-26,0.94,1.07,1.07,0.94,0.06,1,3000,2,2950
2005-08-29,,,,,0.0,0,0,0,0
2005-08-30,,,,,0.0,0,100,3,105
2005-08-31,1.0,1.0,1.0,1.0,0.0,0,1000,1,1000
2005-09-02,0.93,0.93,0.93,0.93,-0.07,-1,1000,1,930
2005-09-05,0.87,0.87,0.87,0.87,-0.06,-1,1000,1,870
2005-09-06,0.92,0.92,0.92,0.92,0.05,1,1100,2,1006
2005-09-07,,,,,0.0,0,0,0,0
2005-09-08,,,,,0.0,0,0,0,0
2005-09-09,0.86,0.86,0.86,0.86,0.0,0,5000,2,4300
2005-09-12,,,,,0.0,0,0,0,0
2005-09-13,,,,,0.0,0,96,1,81
2005-09-14,,,,,0.0,0,0,0,0
2005-09-15,0.9,0.9,0.9,0.9,0.0,0,1000,1,900
2005-09-16,,,,,0.0,0,378,2,336
2005-09-19,,,,,0.0,0,0,0,0
2005-09-20,,,,,0.0,0,0,0,0
2005-09-21,,,,,0.0,0,0,0,0
2005-09-22,,,,,0.0,0,0,0,0
2005-09-23,,,,,0.0,0,0,0,0
2005-09-26,,,,,0.0,0,0,0,0
2005-09-27,,,,,0.0,0,0,0,0
2005-09-28,,,,,0.0,0,0,0,0
2005-09-29,,,,,0.0,0,0,0,0
2005-09-30,,,,,0.0,0,210,1,163
2005-10-03,,,,,0.0,0,0,0,0
2005-10-04,,,,,0.0,0,0,0,0
2005-10-05,0.73,0.65,0.73,0.65,0.0,0,21000,3,15250
2005-10-06,0.69,0.69,0.69,0.69,0.04,1,1000,1,690
2005-10-07,,,,,0.0,0,0,0,0
2005-10-11,,,,,0.0,0,0,0,0
2005-10-12,0.63,0.63,0.63,0.63,0.0,0,10000,2,6300
2005-10-13,0.59,0.59,0.59,0.59,-0.04,-1,2600,3,1552
2005-10-14,,,,,0.0,0,0,0,0
2005-10-17,,,,,0.0,0,0,0,0
2005-10-18,,,,,0.0,0,0,0,0
2005-10-19,,,,,0.0,0,0,0,0
2005-10-20,0.55,0.55,0.55,0.55,0.0,0,5000,1,2750
2005-10-21,0.58,0.52,0.58,0.52,-0.03,-1,6000,3,3420
2005-10-24,,,,,0.0,0,0,0,0
2005-10-25,,,,,0.0,0,0,0,0
2005-10-26,0.49,0.55,0.55,0.49,0.0,0,2000,2,1040
2005-10-27,0.52,0.58,0.58,0.52,0.03,1,2000,2,1100
2005-10-28,0.54,0.62,0.62,0.54,0.04,1,2000,2,1160
2005-10-31,0.58,0.66,0.66,0.58,0.04,1,2000,2,1240
2005-11-01,0.62,0.7,0.7,0.62,0.04,1,2000,2,1320
2005-11-02,,,,,0.0,0,0,0,0
2005-11-03,0.66,0.66,0.66,0.66,0.0,0,1000,1,660
2005-11-04,0.62,0.62,0.62,0.62,-0.04,-1,1000,1,620
2005-11-07,0.58,0.58,0.58,0.58,-0.04,-1,1000,1,580
2005-11-08,0.54,0.54,0.54,0.54,-0.04,-1,1000,1,540
2005-11-09,0.51,0.51,0.51,0.51,-0.03,-1,1000,1,510
2005-11-10,0.48,0.48,0.48,0.48,-0.03,-1,1000,1,480
2005-11-11,0.45,0.45,0.45,0.45,-0.03,-1,1000,1,450
2005-11-14,,,,,0.0,0,0,0,0
2005-11-15,0.42,0.42,0.42,0.42,0.0,0,3000,3,1260
2005-11-16,0.44,0.44,0.44,0.44,0.02,1,2000,2,880
2005-11-17,0.47,0.46,0.47,0.46,0.02,1,2000,2,930
2005-11-18,0.49,0.43,0.49,0.43,-0.03,-1,3000,3,1410
2005-11-21,0.46,0.4,0.46,0.4,-0.03,-1,9000,7,3760
2005-11-22,0.42,0.38,0.42,0.38,-0.02,-1,13000,4,4980
2005-11-23,0.4,0.36,0.4,0.36,-0.02,-1,2000,2,760
2005-11-24,0.38,0.34,0.38,0.34,-0.02,-1,19000,8,6660
2005-11-25,0.36,0.32,0.36,0.32,-0.02,-1,2000,2,680
2005-11-28,0.34,0.34,0.34,0.34,0.02,1,22000,6,7480
2005-11-29,0.36,0.32,0.36,0.32,-0.02,-1,4000,4,1400
2005-11-30,0.34,0.34,0.34,0.34,0.02,1,2000,2,680
2005-12-01,0.36,0.36,0.36,0.36,0.02,1,2380,3,845
2005-12-02,0.38,0.38,0.38,0.38,0.02,1,4000,2,1520
2005-12-05,0.4,0.4,0.4,0.4,0.02,1,7372,5,2937
2005-12-06,0.42,0.42,0.42,0.42,0.02,1,2000,2,840
2005-12-07,0.44,0.44,0.44,0.44,0.02,1,1000,1,440
2005-12-08,0.47,0.47,0.47,0.47,0.03,1,31000,5,14570
2005-12-09,0.5,0.5,0.5,0.5,0.03,1,5000,3,2500
2005-12-12,,,,,0.0,0,0,0,0
2005-12-13,,,,,0.0,0,0,0,0
2005-12-14,,,,,0.0,0,0,0,0
2005-12-15,,,,,0.0,0,0,0,0
2005-12-16,,,,,0.0,0,0,0,0
2005-12-19,0.53,0.53,0.53,0.53,0.0,0,1000,1,530
2005-12-20,,,,,0.0,0,0,0,0
2005-12-21,,,,,0.0,0,0,0,0
2005-12-22,,,,,0.0,0,0,0,0
2005-12-23,,,,,0.0,0,0,0,0
2005-12-26,,,,,0.0,0,0,0,0
2005-12-27,,,,,0.0,0,0,0,0
2005-12-28,,,,,0.0,0,0,0,0
2005-12-29,,,,,0.0,0,0,0,0
2005-12-30,,,,,0.0,0,0,0,0
2006-01-02,,,,,0.0,0,0,0,0
2006-01-03,0.56,0.56,0.56,0.56,0.0,0,7000,2,3920
2006-01-04,0.59,0.59,0.59,0.59,0.03,1,6000,2,3540
2006-01-05,0.63,0.63,0.63,0.63,0.04,1,21000,3,13230
2006-01-06,0.67,0.67,0.67,0.59,0.04,1,7000,4,4610
2006-01-09,,,,,0.0,0,0,0,0
2006-01-10,,,,,0.0,0,0,0,0
2006-01-11,0.71,0.71,0.71,0.71,0.0,0,2000,1,1420
2006-01-12,0.74,0.74,0.74,0.74,0.03,1,2000,2,1480
2006-01-13,,,,,0.0,0,0,0,0
2006-01-16,,,,,0.0,0,0,0,0
2006-01-17,0.65,0.72,0.72,0.65,0.0,0,6000,2,3970
2006-01-18,,,,,0.0,0,0,0,0
2006-01-19,,,,,0.0,0,0,0,0
2006-01-20,0.77,0.77,0.77,0.77,0.0,0,1000,1,770
2006-01-23,,,,,0.0,0,0,0,0
2006-01-24,0.81,0.81,0.81,0.81,0.0,0,2000,2,1620
2006-01-25,0.86,0.86,0.86,0.86,0.05,1,1000,1,860
2006-02-03,0.91,0.91,0.91,0.91,0.05,1,1000,1,910
2006-02-06,,,,,0.0,0,0,0,0
2006-02-07,0.96,0.96,0.96,0.96,0.0,0,1000,1,960
2006-02-08,,,,,0.0,0,0,0,0
2006-02-09,,,,,0.0,0,0,0,0
2006-02-10,,,,,0.0,0,0,0,0
2006-02-13,,,,,0.0,0,0,0,0
2006-02-14,,,,,0.0,0,0,0,0
2006-02-15,,,,,0.0,0,0,0,0
2006-02-16,,,,,0.0,0,0,0,0
2006-02-17,,,,,0.0,0,0,0,0
2006-02-20,,,,,0.0,0,0,0,0
2006-02-21,,,,,0.0,0,0,0,0
2006-03-27,,,,,0.0,0,0,0,0
2006-03-28,,,,,0.0,0,0,0,0
2006-03-29,,,,,0.0,0,0,0,0
2006-03-30,2.55,2.55,2.55,2.55,0.0,0,1000,1,2550
2006-03-31,2.47,2.47,2.47,2.47,-0.08,-1,2000,1,4940
2006-04-03,2.3,2.3,2.3,2.3,-0.17,-1,1005,2,2311
2006-04-04,2.14,2.14,2.14,2.14,-0.16,-1,1000,1,2140
2006-04-06,2.0,2.0,2.0,2.0,-0.14,-1,1000,1,2000
2006-04-07,1.86,1.86,1.86,1.86,-0.14,-1,1000,1,1860
2006-04-10,1.73,1.73,1.73,1.73,-0.13,-1,1000,1,1730
2006-04-11,1.65,1.65,1.65,1.65,-0.08,-1,1000,1,1650
2006-04-12,1.54,1.54,1.54,1.54,-0.11,-1,1000,1,1540
2006-04-13,1.44,1.44,1.44,1.44,-0.1,-1,1300,2,1872
2006-04-14,1.34,1.4,1.4,1.34,-0.04,-1,4035,5,5466
2006-04-17,1.31,1.31,1.31,1.31,-0.09,-1,5000,1,6550
2006-04-18,1.25,1.25,1.25,1.25,-0.06,-1,16000,1,20000
2006-04-19,1.18,1.18,1.18,1.18,-0.07,-1,395000,5,466100
2006-04-20,1.26,1.26,1.26,1.26,0.08,1,48360,9,60727
2006-04-21,1.34,1.34,1.34,1.34,0.08,1,21328,13,28533
2006-04-24,1.43,1.43,1.43,1.43,0.09,1,1680,3,2286
2006-04-25,1.52,1.52,1.52,1.52,0.09,1,1017,2,1542
2006-04-26,1.61,1.62,1.62,1.61,0.1,1,20076,14,32487
2006-04-27,,,,,0.0,0,0,0,0
2006-04-28,,,,,0.0,0,0,0,0
2006-05-02,,,,,0.0,0,300,2,453
2006-05-03,,,,,0.0,0,0,0,0
2006-05-04,,,,,0.0,0,0,0,0
2006-05-05,,,,,0.0,0,0,0,0
2006-05-08,,,,,0.0,0,0,0,0
2006-05-09,1.51,1.73,1.73,1.51,0.0,0,12000,3,18340
2006-05-10,,,,,0.0,0,0,0,0
2006-05-11,,,,,0.0,0,0,0,0
2006-05-12,1.85,1.85,1.85,1.85,0.0,0,1200,2,2172
2006-05-15,,,,,0.0,0,0,0,0
2006-05-16,1.96,1.96,1.96,1.96,0.0,0,1000,1,1960
2006-05-17,,,,,0.0,0,0,0,0
2006-05-18,2.08,2.08,2.08,2.08,0.0,0,1000,1,2080
2006-05-19,,,,,0.0,0,0,0,0
2006-05-22,,,,,0.0,0,0,0,0
2006-05-23,,,,,0.0,0,0,0,0
2006-05-24,,,,,0.0,0,0,0,0
2006-05-25,,,,,0.0,0,0,0,0
2006-05-26,,,,,0.0,0,0,0,0
2006-05-29,,,,,0.0,0,0,0,0
2006-05-30,,,,,0.0,0,0,0,0
2006-06-01,,,,,0.0,0,0,0,0
2006-06-02,,,,,0.0,0,0,0,0
2006-06-05,,,,,0.0,0,0,0,0
2006-06-06,,,,,0.0,0,0,0,0
2006-06-07,,,,,0.0,0,0,0,0
2006-06-08,,,,,0.0,0,0,0,0
2006-06-09,,,,,0.0,0,0,0,0
2006-06-12,,,,,0.0,0,0,0,0
2006-06-13,,,,,0.0,0,0,0,0
2006-06-14,,,,,0.0,0,0,0,0
2006-06-15,,,,,0.0,0,0,0,0
2006-06-16,,,,,0.0,0,0,0,0
2006-06-19,,,,,0.0,0,0,0,0
2006-06-20,,,,,0.0,0,0,0,0
2006-06-21,,,,,0.0,0,0,0,0
2006-06-22,,,,,0.0,0,0,0,0
2006-06-23,,,,,0.0,0,0,0,0
2006-06-26,,,,,0.0,0,0,0,0
2006-06-27,,,,,0.0,0,0,0,0
2006-06-28,,,,,0.0,0,0,0,0
2006-06-29,,,,,0.0,0,0,0,0
2006-06-30,,,,,0.0,0,0,0,0
2006-07-03,,,,,0.0,0,0,0,0
2006-07-04,,,,,0.0,0,0,0,0
2006-07-05,,,,,0.0,0,0,0,0
2006-07-06,,,,,0.0,0,0,0,0
2006-07-07,,,,,0.0,0,0,0,0
2006-07-10,,,,,0.0,0,0,0,0
2006-07-11,,,,,0.0,0,0,0,0
2006-07-12,1.37,1.37,1.37,1.37,0.0,0,1000,1,1370
2006-07-13,1.28,1.28,1.28,1.28,-0.09,-1,1000,1,1280
2006-07-14,1.2,1.2,1.2,1.2,-0.08,-1,1000,1,1200
2006-07-17,1.16,1.16,1.16,1.16,-0.04,-1,34000,3,39440
2006-07-18,1.08,1.08,1.08,1.08,-0.08,-1,45000,3,48600
2006-07-19,1.07,1.07,1.07,1.07,-0.01,-1,5000,1,5350
2006-07-20,,,,,0.0,0,0,0,0
2006-07-21,,,,,0.0,0,0,0,0
2006-07-24,1.0,1.0,1.0,1.0,0.0,0,2000,1,2000
2006-07-25,0.99,0.93,1.0,0.93,-0.07,-1,20000,3,19840
2006-07-26,,,,,0.0,0,0,0,0
2006-07-27,0.92,0.92,0.92,0.92,0.0,0,11000,2,10120
2006-07-28,0.86,0.86,0.86,0.86,-0.06,-1,5000,2,4300
2006-07-31,0.86,0.86,0.86,0.86,0.0,0,10000,1,8600
2006-08-01,,,,,0.0,0,0,0,0
2006-08-02,0.85,0.8,0.85,0.8,0.0,0,2000,2,1650
2006-08-03,0.76,0.76,0.76,0.76,-0.04,-1,4000,1,3040
2006-08-04,,,,,0.0,0,0,0,0
2006-08-07,0.71,0.71,0.71,0.71,0.0,0,4000,2,2840
2006-08-08,0.67,0.67,0.67,0.67,-0.04,-1,3000,2,2010
2006-08-09,0.66,0.66,0.66,0.66,-0.01,-1,10000,1,6600
2006-08-10,0.62,0.62,0.62,0.62,-0.04,-1,7000,2,4340
2006-08-11,0.61,0.61,0.61,0.61,-0.01,-1,11000,2,6710
2006-08-14,0.57,0.57,0.57,0.57,-0.04,-1,1000,1,570
2006-08-15,0.54,0.54,0.54,0.54,-0.03,-1,1000,1,540
2006-08-16,0.53,0.57,0.57,0.51,0.03,1,67000,15,36500
2006-08-17,,,,,0.0,0,0,0,0
2006-08-18,,,,,0.0,0,0,0,0
2006-08-21,,,,,0.0,0,0,0,0
2006-08-22,0.56,0.58,0.58,0.56,0.0,0,21000,3,11780
2006-08-23,,,,,0.0,0,0,0,0
2006-08-24,0.57,0.62,0.62,0.57,0.0,0,22000,4,12640
2006-08-25,,,,,0.0,0,0,0,0
2006-08-28,,,,,0.0,0,0,0,0
2006-08-29,0.62,0.62,0.62,0.62,0.0,0,3000,1,1860
2006-08-30,0.6,0.62,0.62,0.6,0.0,0,351000,3,217520
2006-08-31,,,,,0.0,0,0,0,0
2006-09-01,0.61,0.62,0.62,0.61,0.0,0,15000,3,9190
2006-09-04,0.61,0.61,0.61,0.6,-0.01,-1,45000,5,27400
2006-09-05,0.6,0.6,0.6,0.6,-0.01,-1,1000,1,600
2006-09-06,0.59,0.59,0.59,0.59,-0.01,-1,1000,1,590
2006-09-07,0.58,0.58,0.58,0.58,-0.01,-1,4000,2,2320
2006-09-08,0.57,0.57,0.57,0.57,-0.01,-1,1000,1,570
2006-09-11,0.56,0.54,0.56,0.54,-0.03,-1,14000,3,7580
2006-09-12,0.52,0.53,0.53,0.52,-0.01,-1,4000,2,2110
2006-09-13,0.52,0.53,0.53,0.52,0.0,0,6000,3,3170
2006-09-14,0.52,0.56,0.56,0.52,0.03,1,10000,3,5320
2006-09-15,,,,,0.0,0,0,0,0
2006-09-18,0.53,0.59,0.59,0.53,0.0,0,3000,3,1710
2006-09-19,0.55,0.63,0.63,0.55,0.04,1,2000,2,1180
2006-09-20,0.59,0.67,0.67,0.59,0.04,1,2000,2,1260
2006-09-21,0.71,0.71,0.71,0.71,0.04,1,28000,3,19880
2006-09-22,0.75,0.75,0.75,0.67,0.04,1,42000,5,31250
2006-09-25,0.8,0.8,0.8,0.8,0.05,1,52000,3,41600
2006-09-26,0.8,0.8,0.8,0.8,0.0,0,5000,3,4000
2006-09-27,0.85,0.85,0.85,0.85,0.05,1,1000,1,850
2006-09-28,0.9,0.9,0.9,0.9,0.05,1,1000,1,900
2006-09-29,0.96,0.96,0.96,0.96,0.06,1,46999,8,44998
2006-10-02,1.01,1.02,1.02,1.01,0.06,1,18081,10,18311
2006-10-03,1.07,0.95,1.07,0.95,-0.07,-1,36000,7,37400
2006-10-04,1.01,1.01,1.01,0.95,0.06,1,42200,10,41760
2006-10-05,1.08,1.08,1.08,1.08,0.07,1,21000,2,22680
2006-10-11,1.13,1.15,1.15,1.13,0.07,1,34000,8,38770
2006-10-12,1.1,1.07,1.1,1.07,-0.08,-1,3000,3,3270
2006-10-13,,,,,0.0,0,0,0,0
2006-10-14,1.12,1.12,1.13,1.12,0.0,0,23536,6,26390
2006-10-16,1.18,1.18,1.18,1.18,0.06,1,20365,4,23982
2006-10-17,1.2,1.21,1.21,1.2,0.03,1,34260,9,41196
2006-10-18,,,,,0.0,0,0,0,0
2006-10-19,,,,,0.0,0,320,3,360
2006-10-20,,,,,0.0,0,0,0,0
2006-10-23,,,,,0.0,0,0,0,0
2006-10-24,1.25,1.29,1.29,1.25,0.0,0,31340,4,39777
2006-10-25,1.24,1.2,1.24,1.2,-0.09,-1,4000,2,4920
2006-10-26,,,,,0.0,0,660,1,739
2006-10-27,,,,,0.0,0,0,0,0
2006-10-30,,,,,0.0,0,0,0,0
2006-10-31,,,,,0.0,0,0,0,0
2006-11-01,,,,,0.0,0,0,0,0
2006-11-02,,,,,0.0,0,0,0,0
2006-11-03,,,,,0.0,0,0,0,0
2006-11-06,,,,,0.0,0,0,0,0
2006-11-07,,,,,0.0,0,0,0,0
2006-11-08,1.2,1.2,1.2,1.2,0.0,0,11391,5,13637
2006-11-09,1.2,1.2,1.2,1.2,0.0,0,1020,2,1222
2006-11-10,,,,,0.0,0,0,0,0
2006-11-13,1.28,1.28,1.28,1.28,0.0,0,1000,1,1280
2006-11-14,,,,,0.0,0,360,1,435
2006-11-15,,,,,0.0,0,0,0,0
2006-11-16,,,,,0.0,0,0,0,0
2006-11-17,1.24,1.24,1.24,1.24,0.0,0,50000,1,62000
2006-11-20,,,,,0.0,0,0,0,0
2006-11-21,,,,,0.0,0,230,1,266
2006-11-22,,,,,0.0,0,0,0,0
2006-11-23,,,,,0.0,0,0,0,0
2006-11-24,,,,,0.0,0,0,0,0
2006-11-27,,,,,0.0,0,0,0,0
2006-11-28,,,,,0.0,0,0,0,0
2006-11-29,,,,,0.0,0,0,0,0
2006-11-30,1.16,1.16,1.16,1.16,0.0,0,100000,3,116000
2006-12-01,1.24,1.24,1.24,1.24,0.08,1,18700,5,23188
2006-12-04,1.32,1.32,1.32,1.32,0.08,1,110000,8,145200
2006-12-05,1.41,1.41,1.41,1.41,0.09,1,24191,6,34097
2006-12-06,1.49,1.49,1.49,1.49,0.08,1,2000,1,2980
2006-12-07,1.59,1.59,1.59,1.59,0.1,1,1040,2,1646
2006-12-08,1.7,1.7,1.7,1.7,0.11,1,1620,3,2630
2006-12-11,1.69,1.7,1.7,1.69,0.0,0,23000,2,39000
2006-12-12,1.81,1.81,1.81,1.81,0.11,1,6000,4,10860
2006-12-13,1.93,1.93,1.93,1.93,0.12,1,23000,8,44390
2006-12-14,2.06,2.06,2.06,2.06,0.13,1,6300,9,12974
2006-12-15,2.2,2.2,2.2,2.2,0.14,1,13400,9,29480
2006-12-18,2.35,2.34,2.35,2.21,0.14,1,22000,6,51240
2006-12-19,2.18,2.18,2.18,2.18,-0.16,-1,2000,1,4360
2006-12-20,,,,,0.0,0,0,0,0
2006-12-21,,,,,0.0,0,20,1,41
2006-12-22,,,,,0.0,0,0,0,0
2006-12-25,2.03,2.03,2.03,2.03,0.0,0,2492,4,5057
2006-12-26,,,,,0.0,0,0,0,0
2006-12-27,,,,,0.0,0,511,2,965
2006-12-28,,,,,0.0,0,0,0,0
2006-12-29,2.03,2.03,2.03,2.03,0.0,0,32179,6,65299
2007-01-02,1.89,2.15,2.15,1.89,0.12,1,2000,2,4040
2007-01-03,2.3,2.3,2.3,2.3,0.15,1,1340,3,3013
2007-01-04,,,,,0.0,0,0,0,0
2007-01-05,,,,,0.0,0,666,1,1425
2007-01-08,,,,,0.0,0,0,0,0
2007-01-09,,,,,0.0,0,0,0,0
2007-01-10,,,,,0.0,0,0,0,0
2007-01-11,,,,,0.0,0,0,0,0
2007-01-12,,,,,0.0,0,0,0,0
2007-01-15,2.28,2.0,2.28,2.0,0.0,0,21000,5,44800
2007-01-16,1.86,1.86,1.86,1.86,-0.14,-1,3000,2,5580
2007-01-17,1.73,1.73,1.73,1.73,-0.13,-1,1000,1,1730
2007-01-18,,,,,0.0,0,0,0,0
2007-01-19,,,,,0.0,0,0,0,0
2007-01-22,,,,,0.0,0,0,0,0
2007-01-23,,,,,0.0,0,0,0,0
2007-01-24,1.4,1.4,1.4,1.4,0.0,0,25999,7,36398
2007-01-25,,,,,0.0,0,202,2,264
2007-01-26,,,,,0.0,0,0,0,0
2007-01-29,,,,,0.0,0,0,0,0
2007-01-30,,,,,0.0,0,0,0,0
2007-01-31,,,,,0.0,0,0,0,0
2007-02-01,1.45,1.45,1.45,1.45,0.0,0,1318,2,1869
2007-02-02,,,,,0.0,0,0,0,0
2007-02-05,1.45,1.45,1.45,1.45,0.0,0,1000,1,1450
2007-02-06,,,,,0.0,0,0,0,0
2007-02-07,,,,,0.0,0,0,0,0
2007-02-08,,,,,0.0,0,0,0,0
2007-02-09,1.45,1.45,1.45,1.35,0.0,0,48162,7,67020
2007-02-12,1.35,1.35,1.35,1.35,-0.1,-1,1000,1,1350
2007-02-13,1.31,1.28,1.31,1.28,-0.07,-1,61000,5,78110
2007-02-14,1.24,1.22,1.24,1.2,-0.06,-1,114000,6,139120
2007-02-26,1.3,1.3,1.3,1.3,0.08,1,46688,4,60597
2007-02-27,1.21,1.21,1.21,1.21,-0.09,-1,2000,2,2420
2007-03-01,,,,,0.0,0,0,0,0
2007-03-02,,,,,0.0,0,0,0,0
2007-03-03,,,,,0.0,0,0,0,0
2007-03-05,,,,,0.0,0,0,0,0
2007-03-06,1.29,1.29,1.29,1.29,0.0,0,1000,1,1290
2007-03-07,,,,,0.0,0,40,1,48
2007-03-08,1.29,1.29,1.29,1.29,0.0,0,1680,2,2221
2007-03-09,1.38,1.38,1.38,1.38,0.09,1,1000,1,1380
2007-03-12,1.47,1.47,1.47,1.38,0.09,1,53000,6,76110
2007-03-13,1.57,1.57,1.57,1.56,0.1,1,74700,8,117269
2007-03-14,1.67,1.67,1.67,1.67,0.1,1,60080,12,100333
2007-03-15,1.78,1.78,1.78,1.78,0.11,1,68060,7,121145
2007-03-16,1.9,1.9,1.9,1.9,0.12,1,7340,4,13946
2007-03-19,2.03,2.0,2.03,2.0,0.1,1,48002,6,97374
2007-03-20,2.05,1.9,2.05,1.9,-0.1,-1,45204,7,91130
2007-03-21,1.9,2.0,2.0,1.9,0.1,1,96340,16,187421
2007-03-22,2.14,2.14,2.14,2.14,0.14,1,30010,5,64218
2007-03-23,2.28,2.28,2.28,2.28,0.14,1,80040,10,182486
2007-03-26,2.13,2.13,2.13,2.13,-0.15,-1,9000,2,19170
2007-03-27,2.25,2.25,2.25,2.25,0.12,1,1000,1,2250
2007-03-28,2.1,2.38,2.38,2.1,0.13,1,22180,3,46867
2007-03-29,2.38,2.47,2.5,2.38,0.09,1,42800,8,104906
2007-03-30,2.45,2.45,2.45,2.45,-0.02,-1,4000,2,9800
2007-04-02,,,,,0.0,0,0,0,0
2007-04-03,2.61,2.5,2.61,2.29,0.0,0,3000,3,7400
2007-04-04,2.5,2.5,2.5,2.5,0.0,0,18523,5,46243
2007-04-09,,,,,0.0,0,9,1,23
2007-04-10,2.35,2.35,2.35,2.35,0.0,0,14000,6,32900
2007-04-11,2.19,2.19,2.19,2.19,-0.16,-1,2000,1,4380
2007-04-12,2.04,2.04,2.04,2.04,-0.15,-1,10000,1,20400
2007-04-13,2.1,2.18,2.18,2.1,0.14,1,10700,4,22504
2007-04-14,2.03,2.03,2.17,2.03,-0.15,-1,6280,7,12888
2007-04-16,1.89,2.12,2.12,1.89,0.09,1,58840,11,111474
2007-04-17,1.98,2.1,2.1,1.98,-0.02,-1,3000,3,6060
2007-04-18,2.1,2.23,2.23,2.1,0.13,1,6340,4,13416
2007-04-19,2.3,2.38,2.38,2.3,0.15,1,20140,10,46632
2007-04-20,2.42,2.42,2.42,2.42,0.04,1,3000,1,7260
2007-04-23,2.53,2.26,2.53,2.26,-0.16,-1,2320,3,5513
2007-04-24,2.35,2.3,2.35,2.2,0.04,1,38980,12,88857
2007-04-25,2.3,2.24,2.3,2.14,-0.06,-1,34000,11,75140
2007-04-26,2.12,2.09,2.12,2.09,-0.15,-1,6013,4,12717
2007-05-16,,,,,0.0,0,0,0,0
2007-05-17,6.67,6.67,6.67,6.67,0.0,0,1626,3,10556
2007-05-18,6.21,6.21,6.21,6.21,-0.46,-1,1000,1,6210
2007-05-21,5.78,5.78,5.78,5.78,-0.43,-1,10047,2,58071
2007-05-22,5.4,5.4,5.4,5.38,-0.38,-1,14100,8,76097
2007-05-23,,,,,0.0,0,2,2,10
2007-05-24,,,,,0.0,0,0,0,0
2007-05-25,5.03,5.03,5.03,5.03,0.0,0,1000,1,5030
2007-05-28,4.68,4.68,4.68,4.68,-0.35,-1,1100,3,5147
2007-05-29,4.36,4.36,4.36,4.36,-0.32,-1,2000,1,8720
2007-05-30,4.06,4.06,4.06,4.06,-0.3,-1,1065,2,4323
2007-05-31,3.78,3.78,3.78,3.78,-0.28,-1,4000,2,15120
2007-06-01,3.52,3.52,3.52,3.52,-0.26,-1,32135,5,113115
2007-06-04,3.28,3.76,3.76,3.28,0.24,1,60974,22,201053
2007-06-05,3.5,3.5,3.5,3.5,-0.26,-1,1000,1,3500
2007-06-06,,,,,0.0,0,0,0,0
2007-06-07,3.5,3.5,3.5,3.5,0.0,0,32000,8,112000
2007-06-08,3.73,3.73,3.73,3.73,0.23,1,1000,1,3730
2007-06-11,3.97,3.97,3.97,3.97,0.24,1,1000,1,3970
2007-06-12,4.0,4.22,4.22,4.0,0.25,1,3100,3,12590
2007-06-13,4.2,4.2,4.2,4.2,-0.02,-1,3000,2,12600
2007-06-14,3.91,4.46,4.46,3.91,0.26,1,4468,3,18019
2007-06-15,,,,,0.0,0,0,0,0
2007-06-20,4.73,4.74,4.74,4.73,0.0,0,2000,2,9470
2007-06-21,4.74,5.03,5.03,4.74,0.29,1,12000,3,57460
2007-06-22,5.03,5.0,5.03,5.0,-0.03,-1,9000,4,45150
2007-06-23,,,,,0.0,0,0,0,0
2007-06-25,5.19,5.19,5.19,5.19,0.0,0,1000,1,5190
2007-06-26,,,,,0.0,0,0,0,0
2007-06-27,5.52,5.52,5.52,5.52,0.0,0,1000,1,5520
2007-06-28,,,,,0.0,0,0,0,0
2007-06-29,5.14,5.14,5.14,5.14,0.0,0,10000,1,51400
2007-07-02,,,,,0.0,0,0,0,0
2007-07-03,,,,,0.0,0,0,0,0
2007-07-04,,,,,0.0,0,0,0,0
2007-07-05,,,,,0.0,0,0,0,0
2007-07-06,,,,,0.0,0,0,0,0
2007-07-09,,,,,0.0,0,0,0,0
2007-07-10,,,,,0.0,0,0,0,0
2007-07-11,,,,,0.0,0,0,0,0
2007-07-12,,,,,0.0,0,0,0,0
2007-07-13,,,,,0.0,0,0,0,0
2007-07-16,5.09,5.09,5.09,5.09,0.0,0,1000,1,5090
2007-07-17,4.74,4.74,4.74,4.74,-0.35,-1,1000,1,4740
2007-07-18,,,,,0.0,0,0,0,0
2007-07-19,4.41,5.05,5.05,4.41,0.0,0,3000,3,13870
2007-07-20,,,,,0.0,0,0,0,0
2007-07-23,,,,,0.0,0,0,0,0
2007-07-24,,,,,0.0,0,0,0,0
2007-07-25,5.39,5.39,5.39,5.39,0.0,0,1000,1,5390
2007-07-26,,,,,0.0,0,0,0,0
2007-07-27,5.74,5.74,5.74,5.74,0.0,0,1000,1,5740
2007-07-30,,,,,0.0,0,0,0,0
2007-07-31,,,,,0.0,0,0,0,0
2007-08-01,6.04,6.04,6.04,6.04,0.0,0,1000,1,6040
2007-08-02,6.2,6.2,6.2,6.2,0.16,1,1400,3,8447
2007-08-03,,,,,0.0,0,0,0,0
2007-08-06,,,,,0.0,0,0,0,0
2007-08-07,,,,,0.0,0,0,0,0
2007-08-08,,,,,0.0,0,0,0,0
2007-08-09,,,,,0.0,0,0,0,0
2007-08-10,5.99,5.99,5.99,5.99,0.0,0,1000,1,5990
2007-08-13,6.3,6.3,6.3,6.3,0.31,1,1000,1,6300
2007-08-14,,,,,0.0,0,0,0,0
2007-08-15,6.73,6.73,6.73,6.73,0.0,0,1000,1,6730
2007-08-16,,,,,0.0,0,0,0,0
2007-08-17,,,,,0.0,0,0,0,0
2007-08-20,,,,,0.0,0,0,0,0
2007-08-21,,,,,0.0,0,0,0,0
2007-08-22,,,,,0.0,0,0,0,0
2007-08-23,,,,,0.0,0,0,0,0
2007-08-24,,,,,0.0,0,0,0,0
2007-08-27,,,,,0.0,0,0,0,0
2007-08-28,,,,,0.0,0,0,0,0
2007-08-29,,,,,0.0,0,0,0,0
2007-08-30,,,,,0.0,0,0,0,0
2007-08-31,5.05,5.05,5.05,5.05,0.0,0,1000,1,5050
2007-09-03,,,,,0.0,0,0,0,0
2007-09-04,,,,,0.0,0,0,0,0
2007-09-05,,,,,0.0,0,0,0,0
2007-09-06,,,,,0.0,0,0,0,0
2007-09-07,,,,,0.0,0,0,0,0
2007-09-10,4.68,4.68,4.68,4.68,0.0,0,1000,1,4680
2007-09-11,,,,,0.0,0,0,0,0
2007-09-12,,,,,0.0,0,0,0,0
2007-09-13,,,,,0.0,0,0,0,0
2007-09-14,,,,,0.0,0,0,0,0
2007-09-17,,,,,0.0,0,0,0,0
2007-09-19,,,,,0.0,0,0,0,0
2007-09-20,,,,,0.0,0,0,0,0
2007-09-21,,,,,0.0,0,0,0,0
2007-09-26,3.52,3.52,3.52,3.52,0.0,0,1000,1,3520
2007-09-27,,,,,0.0,0,0,0,0
2007-09-28,,,,,0.0,0,0,0,0
2007-09-29,,,,,0.0,0,0,0,0
2007-10-01,3.06,3.06,3.06,3.06,0.0,0,1000,1,3060
2007-10-02,2.85,2.85,2.85,2.85,-0.21,-1,1000,1,2850
2007-10-03,2.66,2.66,2.66,2.66,-0.19,-1,1000,1,2660
2007-10-04,,,,,0.0,0,0,0,0
2007-10-05,,,,,0.0,0,0,0,0
2007-10-08,,,,,0.0,0,0,0,0
2007-10-09,,,,,0.0,0,0,0,0
2007-10-11,,,,,0.0,0,0,0,0
2007-10-12,2.15,2.15,2.15,2.15,0.0,0,14000,1,30100
2007-10-15,,,,,0.0,0,0,0,0
2007-10-16,2.0,2.0,2.0,2.0,0.0,0,2000,2,4000
2007-10-17,1.86,1.86,1.86,1.86,-0.14,-1,1000,1,1860
2007-10-18,1.73,1.73,1.73,1.73,-0.13,-1,10000,4,17300
2007-10-19,1.85,1.85,1.85,1.61,0.12,1,21568,22,35200
